{
  "accuracy": 0.71,
  "f1_macro": 0.6363636363636364,
  "classification_report": {
    "defect": {
      "precision": 0.65,
      "recall": 0.37142857142857144,
      "f1-score": 0.4727272727272727,
      "support": 35.0
    },
    "normal": {
      "precision": 0.725,
      "recall": 0.8923076923076924,
      "f1-score": 0.8,
      "support": 65.0
    },
    "accuracy": 0.71,
    "macro avg": {
      "precision": 0.6875,
      "recall": 0.6318681318681318,
      "f1-score": 0.6363636363636364,
      "support": 100.0
    },
    "weighted avg": {
      "precision": 0.69875,
      "recall": 0.71,
      "f1-score": 0.6854545454545454,
      "support": 100.0
    }
  }
}